Day,Date,City,Kind,#,Activity,Start,End,Min,Travel to next (min),Capped,Now start,Now min,Suggested,Note
1,2026-08-11,Beijing,hub,1,Land at PEK,05:00,06:30,90,79,,05:00,90,90,
1,2026-08-11,Beijing,sight,2,Drop bags at Regent Beijing,07:57,08:17,20,1,,07:57,20,20,
1,2026-08-11,Beijing,meal,3,Drop bags at Regent Beijing,08:26,08:56,30,23,,07:57,20,20,
1,2026-08-11,Beijing,sight,4,Temple of Heaven,09:27,11:27,120,15,,09:27,120,120,
1,2026-08-11,Beijing,sight,5,Qianmen & Dashilan,11:50,13:20,90,6,,11:50,90,,
1,2026-08-11,Beijing,meal,6,Siji Minfu Qianmen,13:34,15:04,90,7,,13:34,90,,
1,2026-08-11,Beijing,sight,7,规划展览馆,15:19,16:34,75,26,,15:19,75,,
1,2026-08-11,Beijing,sight,8,Shichahai & Houhai,17:08,19:38,150,23,,17:08,150,,
1,2026-08-11,Beijing,endpoint,9,Back to the hotel,20:01,,,,,,,,metro 23m/5.4km (routed)
2,2026-08-12,Beijing,meal,1,Drop bags at Regent Beijing,07:00,07:30,30,17,,07:00,30,20,
2,2026-08-12,Beijing,sight,2,Tiananmen Square,07:55,09:10,75,15,,07:55,75,75,
2,2026-08-12,Beijing,sight,3,Forbidden City,09:33,13:03,210,15,,09:33,210,210,
2,2026-08-12,Beijing,sight,4,National Museum 国博,13:26,15:56,150,22,,13:26,150,,
2,2026-08-12,Beijing,meal,5,Fangzhuanchang No. 69 Zhajiangmian,18:00,19:00,60,20,,18:00,60,,
2,2026-08-12,Beijing,endpoint,6,Back to the hotel,19:20,,,,,,,,metro 20m/4.1km (routed)
3,2026-08-13,Beijing,meal,1,Drop bags at Regent Beijing,07:00,07:30,30,52,,07:00,30,20,
3,2026-08-13,Beijing,sight,2,Summer Palace,08:30,12:30,240,63,,08:30,240,210,
3,2026-08-13,Beijing,meal,3,Na Jia Xiao Guan,13:41,15:11,90,7,,13:41,90,,
3,2026-08-13,Beijing,sight,4,798 Art District,15:26,17:26,120,2,,15:26,120,150,
3,2026-08-13,Beijing,sight,5,UCCA 798,17:36,18:51,75,43,,17:36,75,,
3,2026-08-13,Beijing,sight,6,王府井步行街,19:42,21:42,120,14,,19:42,120,,
3,2026-08-13,Beijing,endpoint,7,Back to the hotel,21:56,,,,,,,,metro 14m/1.2km (routed)
4,2026-08-14,Beijing,meal,1,Drop bags at Regent Beijing,07:00,07:30,30,90,,07:00,30,20,
4,2026-08-14,Beijing,sight,2,Mutianyu Great Wall,09:08,13:08,240,0,,09:08,240,165,
4,2026-08-14,Beijing,sight,3,Mutianyu toboggan,13:16,13:36,20,90,,13:16,20,,
4,2026-08-14,Beijing,sight,4,Sanlitun Taikoo Li,15:14,15:59,45,5,,15:14,45,150,
4,2026-08-14,Beijing,meal,5,Sanlitun Sichuan meal,16:12,17:12,60,20,,16:12,60,,
4,2026-08-14,Beijing,sight,6,"CCTV ""Big Pants""",17:40,18:10,30,5,,17:40,30,,
4,2026-08-14,Beijing,sight,7,CCTV rooftop cocktails,18:23,18:48,25,15,,18:23,25,,
4,2026-08-14,Beijing,sight,8,The Place sky screen,19:20,19:55,35,25,,19:20,35,,
4,2026-08-14,Beijing,sight,9,Gui Street,20:28,21:43,75,21,,20:28,75,,
4,2026-08-14,Beijing,endpoint,10,Back to the hotel,22:04,,,,,,,,metro 21m/4.4km (routed)
5,2026-08-15,Beijing,meal,1,Drop bags at Regent Beijing,05:30,06:00,30,152,,05:30,30,20,
5,2026-08-15,Beijing,hub,2,Fly from PKX,07:40,09:40,120,,,07:40,120,120,
5,2026-08-15,Beijing,endpoint,3,Fly out,09:40,,,,,,,,
1,2026-08-15,Lijiang,hub,1,Land at LJG,13:00,13:30,30,52,,13:00,30,40,
1,2026-08-15,Lijiang,sight,2,Check in at Anyin,14:30,15:00,30,12,,14:30,30,60,
1,2026-08-15,Lijiang,meal,3,Old-town lunch,15:20,16:35,75,11,,15:20,75,,
1,2026-08-15,Lijiang,sight,4,Dayan Old Town,16:54,19:24,150,11,,16:54,150,90,
1,2026-08-15,Lijiang,sight,5,"Manyixuan Chinese Restaurant, Amandaya",19:43,20:58,75,10,,19:43,75,,
1,2026-08-15,Lijiang,endpoint,6,Back to the hotel,21:08,,,,,,,,didi 10m/2.4km (routed)
2,2026-08-16,Lijiang,meal,1,Breakfast,07:00,07:30,30,28,,07:00,30,35,
2,2026-08-16,Lijiang,sight,2,Baisha Old Town,08:06,09:21,75,8,,08:06,75,,
2,2026-08-16,Lijiang,sight,3,Baisha Murals,09:37,10:22,45,2,,09:37,45,40,
2,2026-08-16,Lijiang,sight,4,Baisha Embroidery Inst.,10:32,11:17,45,7,,10:32,45,,
2,2026-08-16,Lijiang,sight,5,MeLet Coffee,11:32,12:17,45,19,,11:32,45,,
2,2026-08-16,Lijiang,sight,6,Shuhe Old Town,12:44,14:44,120,12,,12:44,120,120,
2,2026-08-16,Lijiang,meal,7,Fuxian Xiaoguofan,15:04,16:19,75,26,,15:04,75,,
2,2026-08-16,Lijiang,endpoint,8,Back to the hotel,16:45,,,,,,,,didi 26m/9.3km (routed)
3,2026-08-17,Lijiang,meal,1,Breakfast,07:00,07:30,30,85,,07:00,30,35,
3,2026-08-17,Lijiang,sight,2,上虎跳 · 虎跳石,09:03,10:33,90,45,,09:03,90,,
3,2026-08-17,Lijiang,sight,3,Tea Horse Guesthouse,11:26,11:46,20,180,,11:26,20,,
3,2026-08-17,Lijiang,meal,4,Halfway Guesthouse & 'Tigerbucks' roof,14:54,16:09,75,180,,14:54,75,,
3,2026-08-17,Lijiang,sight,5,Tina’s Guesthouse,19:17,19:47,30,110,,19:17,30,,
3,2026-08-17,Lijiang,meal,6,Zhongyi Market,21:45,23:15,90,10,,21:45,90,,
3,2026-08-17,Lijiang,endpoint,7,Back to the hotel,23:25,,,,,,,,walk 10m/0.8km (routed)
4,2026-08-18,Lijiang,meal,1,Breakfast,07:00,07:30,30,27,,07:00,30,35,
4,2026-08-18,Lijiang,sight,2,Lijiang Station,08:05,08:50,45,90,,08:05,45,,
4,2026-08-18,Lijiang,sight,3,Shangri-La Station,10:28,10:58,30,10,,10:28,30,,
4,2026-08-18,Lijiang,meal,4,Shangri-La lunch,12:00,13:00,60,23,,12:00,60,,
4,2026-08-18,Lijiang,sight,5,Songzanlin Monastery,13:31,16:01,150,24,,13:31,150,,
4,2026-08-18,Lijiang,sight,6,Dukezong Old Town,16:33,18:03,90,3,,16:33,90,,
4,2026-08-18,Lijiang,sight,7,Guishan prayer wheel,18:14,19:14,60,7,,18:14,60,,
4,2026-08-18,Lijiang,sight,8,Shangri-La Station,19:29,19:59,30,90,,10:28,30,,
4,2026-08-18,Lijiang,sight,9,Lijiang Station,21:37,21:57,20,22,,08:05,45,,
4,2026-08-18,Lijiang,meal,10,Zhongyi Market,22:27,23:42,75,5,,22:27,75,,
4,2026-08-18,Lijiang,endpoint,11,Back to the hotel,23:47,,,,,,,,walk 5m/0.4km (routed)
5,2026-08-19,Lijiang,meal,1,Breakfast,05:30,06:00,30,46,,05:30,30,35,
5,2026-08-19,Lijiang,sight,2,Glacier Park cable car,07:30,09:30,120,1,,07:30,120,120,
5,2026-08-19,Lijiang,sight,3,Jade Dragon Snow Mtn,09:39,10:39,60,14,,09:39,60,,
5,2026-08-19,Lijiang,sight,4,蓝月谷 Blue Moon Valley,11:01,12:31,90,55,,11:01,90,,
5,2026-08-19,Lijiang,sight,5,印象丽江 show,13:34,15:19,105,35,,13:34,105,,
5,2026-08-19,Lijiang,hub,6,Fly from LJG,16:20,18:20,120,,,16:20,120,120,
5,2026-08-19,Lijiang,endpoint,7,Fly out,18:20,,,,,,,,
1,2026-08-19,Chengdu,hub,1,Land at CTU,20:15,20:55,40,53,,20:15,40,35,
1,2026-08-19,Chengdu,sight,2,Check in at Minyoun Dongda,21:56,22:26,30,,,21:56,30,30,
1,2026-08-19,Chengdu,endpoint,3,Fly out,22:26,,,,,,,,
2,2026-08-20,Chengdu,meal,1,Check in at Minyoun Dongda,08:00,08:30,30,22,,08:00,30,30,
2,2026-08-20,Chengdu,sight,2,Wenshu Monastery,09:00,10:15,75,18,,09:00,75,,
2,2026-08-20,Chengdu,sight,3,Kuanzhai Alleys,10:41,12:56,135,14,,10:41,135,120,
2,2026-08-20,Chengdu,sight,4,People's Park,13:18,13:58,40,6,,13:18,40,,
2,2026-08-20,Chengdu,sight,5,Heming Teahouse,14:12,15:27,75,16,,14:12,75,90,
2,2026-08-20,Chengdu,sight,6,Wuhou Shrine,15:51,17:06,75,21,,15:51,75,120,
2,2026-08-20,Chengdu,meal,7,Fu Rong Huang,18:00,19:15,75,19,,18:00,75,,
2,2026-08-20,Chengdu,sight,8,Shufeng Yayun opera,20:00,21:40,100,19,,20:00,100,,
2,2026-08-20,Chengdu,sight,9,Fuqin Night Market,22:07,23:07,60,29,,22:07,60,,
2,2026-08-20,Chengdu,endpoint,10,Back to the hotel,23:36,,,,,,,,metro 29m/8.1km (routed)
3,2026-08-21,Chengdu,meal,1,Check in at Minyoun Dongda,06:15,06:30,15,43,,06:15,15,30,
3,2026-08-21,Chengdu,sight,2,Panda Base,07:30,10:30,180,42,,07:30,180,,
3,2026-08-21,Chengdu,sight,3,Daci Temple,11:20,12:00,40,4,,11:20,40,45,
3,2026-08-21,Chengdu,sight,4,Taikoo Li,12:12,12:47,35,2,,12:12,35,90,
3,2026-08-21,Chengdu,meal,5,Mi Xun Teahouse,12:57,14:12,75,11,,12:57,75,,
3,2026-08-21,Chengdu,sight,6,IFS 爬墙熊猫,14:31,15:06,35,4,,14:31,35,,
3,2026-08-21,Chengdu,sight,7,Chunxi Road,15:18,15:53,35,39,,15:18,35,,
3,2026-08-21,Chengdu,sight,8,SKP Chengdu,20:00,20:50,50,10,,20:00,50,60,
3,2026-08-21,Chengdu,sight,9,Global Center,21:08,21:18,10,11,,21:08,10,,
3,2026-08-21,Chengdu,sight,10,Twin Towers,21:37,21:57,20,35,,21:37,20,,
3,2026-08-21,Chengdu,sight,11,Jiuyan Bridge,22:40,22:50,10,10,,22:40,10,,
3,2026-08-21,Chengdu,endpoint,12,Back to the hotel,23:00,,,,,,,,walk 10m/0.8km (routed)
4,2026-08-22,Chengdu,meal,1,Check in at Minyoun Dongda,06:30,07:00,30,26,,06:30,30,30,
4,2026-08-22,Chengdu,hub,2,Train from Chengdu East,07:37,08:37,60,,,07:37,60,,
4,2026-08-22,Chengdu,endpoint,3,Fly out,08:37,,,,,,,,
1,2026-08-22,Chongqing,hub,1,Chongqing West (alt station),09:53,10:13,20,51,,09:53,20,75,
1,2026-08-22,Chongqing,sight,2,Check in at KS Kongshang,11:12,11:42,30,14,,11:12,30,30,
1,2026-08-22,Chongqing,sight,3,Jiefangbei,12:04,12:19,15,10,,12:04,15,60,
1,2026-08-22,Chongqing,meal,4,Wonton snack,12:37,13:07,30,4,,12:37,30,,
1,2026-08-22,Chongqing,sight,5,Luohan Temple,13:19,13:54,35,7,,13:19,35,,
1,2026-08-22,Chongqing,sight,6,Guotai “Chopsticks”,14:09,14:24,15,9,,14:09,15,,
1,2026-08-22,Chongqing,sight,7,Cloud Eye,14:41,15:26,45,9,,14:41,45,,
1,2026-08-22,Chongqing,sight,8,Kuixinglou Plaza,15:43,15:53,10,14,,15:43,10,30,
1,2026-08-22,Chongqing,sight,9,Huguang Guild Hall,16:15,17:00,45,11,,16:15,45,,
1,2026-08-22,Chongqing,sight,10,Raffles City,17:19,18:04,45,1,,17:19,45,,
1,2026-08-22,Chongqing,meal,11,Rhapsody,18:55,20:40,105,15,,18:55,105,,
1,2026-08-22,Chongqing,sight,12,Hongya Cave,21:03,21:23,20,1,,21:03,20,105,
1,2026-08-22,Chongqing,endpoint,13,Back to the hotel,21:24,,,,,,,,walk 1m/0km (routed)
2,2026-08-23,Chongqing,sight,1,People's Grand Hall,09:00,09:20,20,3,,09:00,20,,
2,2026-08-23,Chongqing,sight,2,Art-scroll stop,09:31,11:31,120,42,,09:31,120,,
2,2026-08-23,Chongqing,sight,3,Chongqing 1949,13:00,15:13,133,9,,13:00,133,,
2,2026-08-23,Chongqing,sight,4,Ciqikou Old Town,15:30,16:15,45,9,,15:30,45,,
2,2026-08-23,Chongqing,meal,5,Ciqikou lunch,16:32,17:12,40,40,,16:32,40,,
2,2026-08-23,Chongqing,sight,6,Testbed 2,18:00,18:55,55,8,,18:00,55,90,
2,2026-08-23,Chongqing,sight,7,Liziba monorail,19:11,19:26,15,28,,19:11,15,30,
2,2026-08-23,Chongqing,sight,8,Longmenhao Old Street,20:02,20:52,50,1,,20:02,50,75,
2,2026-08-23,Chongqing,meal,9,Longmen No.9,21:01,22:16,75,2,,21:01,75,,
2,2026-08-23,Chongqing,sight,10,Dongshuimen Bridge,22:26,22:46,20,16,,22:26,20,,
2,2026-08-23,Chongqing,sight,11,Foot massage,23:10,00:10,60,3,,23:10,60,,
2,2026-08-23,Chongqing,endpoint,12,Back to the hotel,00:13 +1,,,,,,,,walk 3m/0.2km (routed)
3,2026-08-24,Chongqing,hub,1,Chongqing East Railway Station,07:50,08:50,60,,,07:50,60,,
3,2026-08-24,Chongqing,endpoint,2,Fly out,08:50,,,,,,,,
1,2026-08-24,Zhangjiajie,hub,1,Arrive Zhangjiajie West,11:29,11:44,15,23,,11:29,15,30,
1,2026-08-24,Zhangjiajie,meal,2,Wonton lunch,12:15,12:50,35,0,,12:15,35,,
1,2026-08-24,Zhangjiajie,sight,3,Tianmen cableway,13:00,13:37,37,0,,13:00,37,75,
1,2026-08-24,Zhangjiajie,sight,4,Tianmen Mountain,13:45,18:30,285,40,,13:45,285,255,
1,2026-08-24,Zhangjiajie,sight,5,72 Wonder Tower night-food circuit,19:18,21:58,160,8,,19:18,160,,
1,2026-08-24,Zhangjiajie,endpoint,6,Back to the hotel,22:06,,,,,,,,walk 8m/0.6km (routed)
2,2026-08-25,Zhangjiajie,meal,1,Check in at Yuji Hotel,07:30,08:00,30,4,,07:30,30,25,
2,2026-08-25,Zhangjiajie,sight,2,Wulingyuan East Gate,08:45,08:45,0,0,,08:45,0,45,
2,2026-08-25,Zhangjiajie,sight,3,Tianzi cableway down,08:53,09:00,7,0,,08:53,7,60,
2,2026-08-25,Zhangjiajie,sight,4,Tianzi Mountain,09:10,11:17,127,22,,09:10,127,150,
2,2026-08-25,Zhangjiajie,sight,5,Yangjiajie cableway,11:47,12:58,71,21,,11:47,71,35,
2,2026-08-25,Zhangjiajie,meal,6,"Dicos, Yuanjiajie Visitor Service Cent",13:35,13:52,17,0,,13:35,17,,
2,2026-08-25,Zhangjiajie,sight,7,Yuanjiajie (Avatar),14:00,16:10,130,2,,14:00,130,180,
2,2026-08-25,Zhangjiajie,sight,8,Bailong Elevator,16:20,16:45,25,25,,16:20,25,60,
2,2026-08-25,Zhangjiajie,endpoint,9,Back to the hotel,17:10,,,,,,,,didi 25m/10.1km (routed)
3,2026-08-26,Zhangjiajie,meal,1,Check in at Yuji Hotel,07:30,08:00,30,17,,07:30,30,25,
3,2026-08-26,Zhangjiajie,sight,2,South Gate,08:25,08:35,10,10,,08:25,10,,
3,2026-08-26,Zhangjiajie,sight,3,Oxygen Bar Square,08:53,09:03,10,10,,08:53,10,,
3,2026-08-26,Zhangjiajie,sight,4,Huangshizhai,09:21,11:51,150,15,,09:21,150,,
3,2026-08-26,Zhangjiajie,meal,5,Park lunch,12:14,12:44,30,10,,12:14,30,,
3,2026-08-26,Zhangjiajie,sight,6,Golden Whip Stream,13:02,14:42,100,10,,13:02,100,165,
3,2026-08-26,Zhangjiajie,sight,7,Ten-Mile Gallery,15:00,15:45,45,20,,15:00,45,90,
3,2026-08-26,Zhangjiajie,sight,8,Wulingyuan East Gate,16:20,16:30,10,10,,16:20,10,45,
3,2026-08-26,Zhangjiajie,sight,9,Check in at Yuji Hotel,16:48,18:18,90,10,,07:30,30,25,
3,2026-08-26,Zhangjiajie,sight,10,Xibu Street,18:36,20:06,90,3,,18:36,90,,
3,2026-08-26,Zhangjiajie,endpoint,11,Back to the hotel,20:09,,,,,,,,didi 3m/1.2km (routed)
4,2026-08-27,Zhangjiajie,meal,1,Check in at Yuji Hotel,09:00,09:45,45,74,,09:00,45,25,
4,2026-08-27,Zhangjiajie,hub,2,Zhangjiajie West Railway Station,11:54,12:39,45,,,11:54,45,,
4,2026-08-27,Zhangjiajie,endpoint,3,Fly out,12:39,,,,,,,,
1,2026-08-27,Furong (Hibiscus),hub,1,Arrive Furongzhen,13:03,13:18,15,13,,13:03,15,20,
1,2026-08-27,Furong (Hibiscus),sight,2,Check in at Waterfall Bay,13:39,14:09,30,1,,13:39,30,30,
1,2026-08-27,Furong (Hibiscus),sight,3,Wuli Stone Street,14:18,15:48,90,1,,14:18,90,60,
1,2026-08-27,Furong (Hibiscus),sight,4,Furong waterfall,15:57,16:57,60,1,,15:57,60,60,
1,2026-08-27,Furong (Hibiscus),sight,5,Check in at Waterfall Bay,17:06,18:36,90,2,,13:39,30,30,
1,2026-08-27,Furong (Hibiscus),meal,6,Dinner — still to book,18:46,19:46,60,2,,18:46,60,,
1,2026-08-27,Furong (Hibiscus),sight,7,Baishetang Square,20:00,22:00,120,1,,20:00,120,30,
1,2026-08-27,Furong (Hibiscus),sight,8,Far-bank platform,22:09,22:29,20,1,,22:09,20,30,
1,2026-08-27,Furong (Hibiscus),endpoint,9,Back to the hotel,22:30,,,,,,,,walk 1m/0km (routed)
2,2026-08-28,Furong (Hibiscus),meal,1,Check in at Waterfall Bay,09:00,09:30,30,1,,09:00,30,30,
2,2026-08-28,Furong (Hibiscus),sight,2,Old-town mop-up,09:39,10:39,60,1,,09:39,60,60,
2,2026-08-28,Furong (Hibiscus),sight,3,Tuwang Palace,10:48,11:33,45,1,,10:48,45,30,
2,2026-08-28,Furong (Hibiscus),sight,4,Xizhou Bronze Pillar,11:42,12:12,30,1,,11:42,30,20,
2,2026-08-28,Furong (Hibiscus),meal,5,Lunch — still to book,12:21,13:21,60,13,,12:21,60,,
2,2026-08-28,Furong (Hibiscus),hub,6,Arrive Furongzhen,13:59,14:44,45,,,13:59,45,20,
2,2026-08-28,Furong (Hibiscus),endpoint,7,Fly out,14:44,,,,,,,,
1,2026-08-28,Fenghuang,hub,1,Train from Gucheng,15:24,15:39,15,27,,15:24,15,,
1,2026-08-28,Fenghuang,sight,2,Check in at Jinshuian,16:14,16:44,30,7,,16:14,30,20,
1,2026-08-28,Fenghuang,sight,3,East Gate Tower,16:59,17:14,15,1,,16:59,15,15,
1,2026-08-28,Fenghuang,sight,4,Hong Bridge,17:23,17:43,20,12,,17:23,20,20,
1,2026-08-28,Fenghuang,sight,5,Fenghuang Ancient Town,18:03,19:18,75,3,,18:03,75,75,
1,2026-08-28,Fenghuang,meal,6,Dinner — still to book,19:29,20:59,90,11,,19:29,90,,
1,2026-08-28,Fenghuang,sight,7,Tuojiang night boat,21:18,21:48,30,3,,21:18,30,30,
1,2026-08-28,Fenghuang,endpoint,8,Back to the hotel,21:51,,,,,,,,walk 3m/0.2km (routed)
2,2026-08-29,Fenghuang,sight,1,Sunrise / mist session,05:38,06:23,45,1,,05:38,45,45,
2,2026-08-29,Fenghuang,meal,2,Check in at Jinshuian,06:32,07:02,30,9,,06:32,30,20,
2,2026-08-29,Fenghuang,sight,3,Jumping stones,07:20,07:35,15,4,,07:20,15,15,
2,2026-08-29,Fenghuang,sight,4,Shen Congwen Residence,08:00,08:25,25,5,,08:00,25,25,
2,2026-08-29,Fenghuang,sight,5,Miao batik & silver lanes,09:00,09:30,30,2,,09:00,30,30,
2,2026-08-29,Fenghuang,meal,6,Lunch — still to book,10:55,11:40,45,27,,10:55,45,,
2,2026-08-29,Fenghuang,hub,7,Train from Gucheng,12:15,13:00,45,,,12:15,45,,
2,2026-08-29,Fenghuang,endpoint,8,Fly out,13:00,,,,,,,,
1,2026-08-29,Guilin,hub,1,Arrive Guilin North,18:24,18:44,20,25,,18:24,20,,
1,2026-08-29,Guilin,sight,2,Check in at RongShi,19:17,19:47,30,6,,19:17,30,30,
1,2026-08-29,Guilin,sight,3,Two Rivers & Four Lakes,20:01,21:01,60,6,,20:01,60,90,
1,2026-08-29,Guilin,meal,4,Dinner — still to book,21:15,22:30,75,8,,21:15,75,,
1,2026-08-29,Guilin,endpoint,5,Back to the hotel,22:38,,,,,,,,walk 8m/0.6km (routed)
2,2026-08-30,Guilin,meal,1,Breakfast,05:39,06:09,30,42,,05:39,30,35,
2,2026-08-30,Guilin,hub,2,Board at Zhujiang,07:00,07:45,45,,,07:00,45,,
2,2026-08-30,Guilin,endpoint,3,Fly out,07:45,,,,,,,,
1,2026-08-30,Yangshuo,hub,1,Dock at Yangshuo Cruise,13:30,13:45,15,7,,13:30,15,,
1,2026-08-30,Yangshuo,meal,2,Lunch — still to book,14:00,15:00,60,4,,14:00,60,,
1,2026-08-30,Yangshuo,sight,3,Fengqi Homestay,15:12,15:42,30,3,,15:12,30,30,
1,2026-08-30,Yangshuo,sight,4,West Street,15:53,17:23,90,14,,15:53,90,90,
1,2026-08-30,Yangshuo,meal,5,Dinner — still to book,18:00,19:30,90,9,,18:00,90,,
1,2026-08-30,Yangshuo,sight,6,Li River night walk,19:47,20:32,45,1,,19:47,45,45,
1,2026-08-30,Yangshuo,endpoint,7,Back to the hotel,20:33,,,,,,,,walk 1m/0km (routed)
2,2026-08-31,Yangshuo,sight,1,Xianggong sunrise,05:38,07:08,90,47,,05:38,90,90,
2,2026-08-31,Yangshuo,meal,2,Breakfast,08:03,08:33,30,22,,08:03,30,35,
2,2026-08-31,Yangshuo,sight,3,Yulong bamboo rafting,09:30,11:00,90,24,,09:30,90,90,
2,2026-08-31,Yangshuo,sight,4,Yulong valley cycling,11:32,14:02,150,25,,11:32,150,150,
2,2026-08-31,Yangshuo,meal,5,Lunch — still to book,14:35,15:35,60,1,,14:35,60,,
2,2026-08-31,Yangshuo,meal,6,Dinner — still to book,18:00,19:15,75,16,,18:00,75,,
2,2026-08-31,Yangshuo,sight,7,Impression Liu Sanjie,19:45,21:15,90,9,,19:45,90,90,
2,2026-08-31,Yangshuo,endpoint,8,Back to the hotel,21:24,,,,,,,,didi 9m/2.7km (routed)
3,2026-09-01,Yangshuo,meal,1,Breakfast,07:00,07:30,30,58,,07:00,30,35,
3,2026-09-01,Yangshuo,sight,2,Xingping Ancient Town,08:36,09:36,60,7,,08:36,60,60,
3,2026-09-01,Yangshuo,sight,3,20-RMB viewpoint,09:51,10:21,30,1,,09:51,30,30,
3,2026-09-01,Yangshuo,meal,4,Lunch — still to book,12:00,13:00,60,58,,12:00,60,,
3,2026-09-01,Yangshuo,sight,5,Moon Hill,14:06,15:36,90,55,,14:06,90,90,
3,2026-09-01,Yangshuo,meal,6,Dinner — still to book,18:00,19:30,90,52,,18:00,90,,
3,2026-09-01,Yangshuo,endpoint,7,Back to the hotel,20:22,,,,,,,,didi 52m/30.9km (routed)
4,2026-09-02,Yangshuo,meal,1,Breakfast,05:30,06:00,30,78,,05:30,30,35,
4,2026-09-02,Yangshuo,hub,2,Fly from KWL,08:20,10:20,120,,,08:20,120,120,
4,2026-09-02,Yangshuo,endpoint,3,Fly out,10:20,,,,,,,,
1,2026-09-02,Shanghai,hub,1,Land at PVG,13:00,13:45,45,1,,13:00,45,40,
1,2026-09-02,Shanghai,sight,2,Shanghai Maglev,13:54,14:19,25,51,,13:54,25,25,
1,2026-09-02,Shanghai,meal,3,Lunch — still to book,15:18,16:18,60,3,,15:18,60,,
1,2026-09-02,Shanghai,sight,4,Check in at Marriott,16:29,16:59,30,16,,16:29,30,30,
1,2026-09-02,Shanghai,sight,5,Nanjing Rd East walk,17:23,18:23,60,18,,17:23,60,,
1,2026-09-02,Shanghai,meal,6,Dinner — still to book,18:49,20:19,90,5,,18:49,90,,
1,2026-09-02,Shanghai,sight,7,The Bund waterfront,20:32,21:32,60,22,,20:32,60,,
1,2026-09-02,Shanghai,endpoint,8,Back to the hotel,21:54,,,,,,,,metro 22m/5km (routed)
2,2026-09-03,Shanghai,meal,1,Breakfast,07:00,07:30,30,14,,07:00,30,35,
2,2026-09-03,Shanghai,sight,2,Dragonfly Xinle Rd spa,10:00,11:30,90,19,,10:00,90,,
2,2026-09-03,Shanghai,meal,3,Lunch — still to book,12:00,13:00,60,3,,12:00,60,,
2,2026-09-03,Shanghai,sight,4,Jing'an Temple,13:11,14:11,60,15,,13:11,60,,
2,2026-09-03,Shanghai,sight,5,Nanjing Rd West,14:34,15:49,75,6,,14:34,75,,
2,2026-09-03,Shanghai,sight,6,Zhangyuan shikumen,16:03,17:03,60,6,,16:03,60,,
2,2026-09-03,Shanghai,meal,7,Dinner — still to book,18:00,19:30,90,16,,18:00,90,,
2,2026-09-03,Shanghai,endpoint,8,Back to the hotel,19:46,,,,,,,,metro 16m/2.2km (routed)
3,2026-09-04,Shanghai,meal,1,Breakfast,07:00,07:30,30,27,,07:00,30,35,
3,2026-09-04,Shanghai,sight,2,Wukang Building,08:05,08:25,20,10,,08:05,20,20,
3,2026-09-04,Shanghai,sight,3,Wukang Road walk,08:43,09:43,60,4,,08:43,60,,
3,2026-09-04,Shanghai,sight,4,Ferguson Lane,10:00,10:45,45,14,,10:00,45,45,
3,2026-09-04,Shanghai,sight,5,Anfu Road walk,11:07,11:52,45,14,,11:07,45,,
3,2026-09-04,Shanghai,sight,6,Wulumuqi Mid Rd walk,12:14,12:44,30,21,,12:14,30,,
3,2026-09-04,Shanghai,meal,7,Lunch — still to book,13:13,14:13,60,7,,13:13,60,,
3,2026-09-04,Shanghai,sight,8,Fuxing Park,14:28,15:13,45,6,,14:28,45,45,
3,2026-09-04,Shanghai,sight,9,Sinan Mansions,15:27,16:27,60,22,,15:27,60,60,
3,2026-09-04,Shanghai,meal,10,Dinner — still to book,18:00,19:30,90,15,,18:00,90,,
3,2026-09-04,Shanghai,endpoint,11,Back to the hotel,19:45,,,,,,,,metro 15m/1.7km (routed)
4,2026-09-05,Shanghai,meal,1,Breakfast,07:00,07:30,30,18,,07:00,30,35,
4,2026-09-05,Shanghai,sight,2,Yu Garden,09:00,10:30,90,9,,09:00,90,90,
4,2026-09-05,Shanghai,sight,3,湖心亭 Huxinting tea,10:47,11:47,60,6,,10:47,60,,
4,2026-09-05,Shanghai,sight,4,Yuyuan Bazaar,12:01,13:01,60,19,,12:01,60,60,
4,2026-09-05,Shanghai,meal,5,Lunch — still to book,13:28,14:28,60,19,,13:28,60,,
4,2026-09-05,Shanghai,sight,6,City God Temple,14:55,15:40,45,17,,14:55,45,45,
4,2026-09-05,Shanghai,sight,7,People's Square,16:05,16:50,45,20,,16:05,45,,
4,2026-09-05,Shanghai,meal,8,Dinner — still to book,18:00,19:30,90,1,,18:00,90,,
4,2026-09-05,Shanghai,sight,9,Huangpu night cruise,20:00,21:15,75,22,,20:00,75,75,
4,2026-09-05,Shanghai,endpoint,10,Back to the hotel,21:37,,,,,,,,metro 22m/4.8km (routed)
5,2026-09-06,Shanghai,meal,1,Breakfast,07:00,07:30,30,33,,07:00,30,35,
5,2026-09-06,Shanghai,sight,2,TANK Shanghai,10:00,11:15,75,10,,10:00,75,75,
5,2026-09-06,Shanghai,sight,3,West Bund Museum,11:33,13:03,90,37,,11:33,90,90,
5,2026-09-06,Shanghai,meal,4,Lunch — still to book,13:48,14:48,60,31,,13:48,60,,
5,2026-09-06,Shanghai,sight,5,Long Museum West Bund,15:27,16:57,90,13,,15:27,90,90,
5,2026-09-06,Shanghai,sight,6,West Bund riverside,17:18,18:03,45,36,,17:18,45,45,
5,2026-09-06,Shanghai,sight,7,Check in — J Hotel (Tower),18:47,19:17,30,5,,18:47,30,45,
5,2026-09-06,Shanghai,meal,8,Dinner — still to book,19:30,21:00,90,5,,19:30,90,,
5,2026-09-06,Shanghai,endpoint,9,Back to the hotel,21:05,,,,,,,,walk 5m/0.3km (routed)
6,2026-09-07,Shanghai,meal,1,Breakfast,07:00,07:30,30,21,,07:00,30,35,
6,2026-09-07,Shanghai,sight,2,Shanghai Museum East,10:00,13:00,180,13,,10:00,180,180,
6,2026-09-07,Shanghai,meal,3,Lunch — still to book,13:21,14:21,60,22,,13:21,60,,
6,2026-09-07,Shanghai,sight,4,上海中心 118F 观光厅,14:51,15:21,30,5,,14:51,30,,
6,2026-09-07,Shanghai,sight,5,Jin Mao 88F deck,15:34,16:04,30,3,,15:34,30,,
6,2026-09-07,Shanghai,sight,6,滨江大道 promenade,16:15,17:00,45,40,,16:15,45,,
6,2026-09-07,Shanghai,meal,7,Dinner — still to book,18:00,19:30,90,6,,18:00,90,,
6,2026-09-07,Shanghai,hub,8,Fly from PVG,23:10,02:10,180,,,23:10,180,180,
6,2026-09-07,Shanghai,endpoint,9,Fly out,02:10 +1,,,,,,,,
